"Year","label","Value"
1949,"00 Australia",2611
1949,"01 Cambodia",0
1949,"07 China",73
1949,"11 Fiji",221
1949,"06 India",320
1949,"01 Iraq",2
1949,"05 Philippines",3
1949,"09 Samoa",52
1949,"10 South Africa",140
1949,"04 South Korea",2
1949,"02 Sri Lanka",15
1949,"03 Taiwan",0
1949,"16 Netherlands",5
1949,"00 Tonga",43
1949,"08 UK",13571
1949,"00 USA",2
1949,NA,1541
1950,"00 Australia",1
1950,"01 Cambodia",0
1950,"07 China",1
1950,"11 Fiji",0
1950,"06 India",21
1950,"01 Iraq",0
1950,"05 Philippines",0
1950,"09 Samoa",3
1950,"10 South Africa",0
1950,"04 South Korea",0
1950,"02 Sri Lanka",0
1950,"03 Taiwan",0
1950,"16 Netherlands",2
1950,"00 Tonga",3
1950,"08 UK",23
1950,"00 USA",3
1950,NA,172
1951,"00 Australia",11
1951,"01 Cambodia",0
1951,"07 China",3
1951,"11 Fiji",4
1951,"06 India",28
1951,"01 Iraq",0
1951,"05 Philippines",0
1951,"09 Samoa",3
1951,"10 South Africa",0
1951,"04 South Korea",0
1951,"02 Sri Lanka",0
1951,"03 Taiwan",0
1951,"16 Netherlands",13
1951,"00 Tonga",3
1951,"08 UK",100
1951,"00 USA",1
1951,NA,203
1952,"00 Australia",22
1952,"01 Cambodia",0
1952,"07 China",4
1952,"11 Fiji",3
1952,"06 India",17
1952,"01 Iraq",0
1952,"05 Philippines",0
1952,"09 Samoa",2
1952,"10 South Africa",6
1952,"04 South Korea",0
1952,"02 Sri Lanka",0
1952,"03 Taiwan",0
1952,"16 Netherlands",14
1952,"00 Tonga",1
1952,"08 UK",144
1952,"00 USA",6
1952,NA,169
1953,"00 Australia",6
1953,"01 Cambodia",0
1953,"07 China",11
1953,"11 Fiji",4
1953,"06 India",25
1953,"01 Iraq",0
1953,"05 Philippines",0
1953,"09 Samoa",5
1953,"10 South Africa",3
1953,"04 South Korea",0
1953,"02 Sri Lanka",0
1953,"03 Taiwan",0
1953,"16 Netherlands",21
1953,"00 Tonga",1
1953,"08 UK",114
1953,"00 USA",6
1953,NA,194
1954,"00 Australia",8
1954,"01 Cambodia",0
1954,"07 China",12
1954,"11 Fiji",7
1954,"06 India",50
1954,"01 Iraq",0
1954,"05 Philippines",0
1954,"09 Samoa",4
1954,"10 South Africa",1
1954,"04 South Korea",0
1954,"02 Sri Lanka",0
1954,"03 Taiwan",0
1954,"16 Netherlands",29
1954,"00 Tonga",10
1954,"08 UK",167
1954,"00 USA",7
1954,NA,336
1955,"00 Australia",6
1955,"01 Cambodia",0
1955,"07 China",23
1955,"11 Fiji",3
1955,"06 India",24
1955,"01 Iraq",0
1955,"05 Philippines",0
1955,"09 Samoa",8
1955,"10 South Africa",5
1955,"04 South Korea",0
1955,"02 Sri Lanka",0
1955,"03 Taiwan",0
1955,"16 Netherlands",75
1955,"00 Tonga",3
1955,"08 UK",233
1955,"00 USA",3
1955,NA,415
1956,"00 Australia",8
1956,"01 Cambodia",0
1956,"07 China",35
1956,"11 Fiji",14
1956,"06 India",79
1956,"01 Iraq",0
1956,"05 Philippines",0
1956,"09 Samoa",5
1956,"10 South Africa",11
1956,"04 South Korea",0
1956,"02 Sri Lanka",0
1956,"03 Taiwan",0
1956,"16 Netherlands",178
1956,"00 Tonga",6
1956,"08 UK",219
1956,"00 USA",2
1956,NA,572
1957,"00 Australia",15
1957,"01 Cambodia",0
1957,"07 China",68
1957,"11 Fiji",17
1957,"06 India",45
1957,"01 Iraq",0
1957,"05 Philippines",0
1957,"09 Samoa",9
1957,"10 South Africa",8
1957,"04 South Korea",0
1957,"02 Sri Lanka",0
1957,"03 Taiwan",0
1957,"16 Netherlands",440
1957,"00 Tonga",1
1957,"08 UK",411
1957,"00 USA",6
1957,NA,791
1958,"00 Australia",17
1958,"01 Cambodia",0
1958,"07 China",152
1958,"11 Fiji",24
1958,"06 India",63
1958,"01 Iraq",0
1958,"05 Philippines",0
1958,"09 Samoa",3
1958,"10 South Africa",12
1958,"04 South Korea",0
1958,"02 Sri Lanka",3
1958,"03 Taiwan",0
1958,"16 Netherlands",546
1958,"00 Tonga",3
1958,"08 UK",294
1958,"00 USA",6
1958,NA,797
1959,"00 Australia",7
1959,"01 Cambodia",0
1959,"07 China",168
1959,"11 Fiji",9
1959,"06 India",57
1959,"01 Iraq",0
1959,"05 Philippines",0
1959,"09 Samoa",15
1959,"10 South Africa",5
1959,"04 South Korea",0
1959,"02 Sri Lanka",1
1959,"03 Taiwan",0
1959,"16 Netherlands",745
1959,"00 Tonga",5
1959,"08 UK",272
1959,"00 USA",0
1959,NA,711
1960,"00 Australia",6
1960,"01 Cambodia",0
1960,"07 China",263
1960,"11 Fiji",11
1960,"06 India",92
1960,"01 Iraq",0
1960,"05 Philippines",0
1960,"09 Samoa",28
1960,"10 South Africa",20
1960,"04 South Korea",0
1960,"02 Sri Lanka",4
1960,"03 Taiwan",0
1960,"16 Netherlands",731
1960,"00 Tonga",8
1960,"08 UK",307
1960,"00 USA",5
1960,NA,846
1961,"00 Australia",10
1961,"01 Cambodia",0
1961,"07 China",125
1961,"11 Fiji",7
1961,"06 India",83
1961,"01 Iraq",0
1961,"05 Philippines",0
1961,"09 Samoa",42
1961,"10 South Africa",129
1961,"04 South Korea",0
1961,"02 Sri Lanka",4
1961,"03 Taiwan",0
1961,"16 Netherlands",472
1961,"00 Tonga",3
1961,"08 UK",363
1961,"00 USA",6
1961,NA,551
1962,"00 Australia",9
1962,"01 Cambodia",0
1962,"07 China",202
1962,"11 Fiji",27
1962,"06 India",80
1962,"01 Iraq",0
1962,"05 Philippines",0
1962,"09 Samoa",31
1962,"10 South Africa",69
1962,"04 South Korea",0
1962,"02 Sri Lanka",3
1962,"03 Taiwan",0
1962,"16 Netherlands",441
1962,"00 Tonga",18
1962,"08 UK",175
1962,"00 USA",3
1962,NA,596
1963,"00 Australia",10
1963,"01 Cambodia",0
1963,"07 China",284
1963,"11 Fiji",40
1963,"06 India",105
1963,"01 Iraq",0
1963,"05 Philippines",0
1963,"09 Samoa",43
1963,"10 South Africa",133
1963,"04 South Korea",0
1963,"02 Sri Lanka",3
1963,"03 Taiwan",0
1963,"16 Netherlands",534
1963,"00 Tonga",27
1963,"08 UK",164
1963,"00 USA",7
1963,NA,612
1964,"00 Australia",15
1964,"01 Cambodia",0
1964,"07 China",185
1964,"11 Fiji",28
1964,"06 India",63
1964,"01 Iraq",0
1964,"05 Philippines",0
1964,"09 Samoa",51
1964,"10 South Africa",243
1964,"04 South Korea",2
1964,"02 Sri Lanka",1
1964,"03 Taiwan",0
1964,"16 Netherlands",272
1964,"00 Tonga",10
1964,"08 UK",181
1964,"00 USA",11
1964,NA,402
1965,"00 Australia",17
1965,"01 Cambodia",0
1965,"07 China",233
1965,"11 Fiji",35
1965,"06 India",115
1965,"01 Iraq",0
1965,"05 Philippines",0
1965,"09 Samoa",67
1965,"10 South Africa",137
1965,"04 South Korea",0
1965,"02 Sri Lanka",1
1965,"03 Taiwan",1
1965,"16 Netherlands",402
1965,"00 Tonga",16
1965,"08 UK",178
1965,"00 USA",5
1965,NA,588
1966,"00 Australia",8
1966,"01 Cambodia",0
1966,"07 China",144
1966,"11 Fiji",36
1966,"06 India",77
1966,"01 Iraq",0
1966,"05 Philippines",0
1966,"09 Samoa",61
1966,"10 South Africa",27
1966,"04 South Korea",0
1966,"02 Sri Lanka",2
1966,"03 Taiwan",0
1966,"16 Netherlands",339
1966,"00 Tonga",20
1966,"08 UK",172
1966,"00 USA",7
1966,NA,477
1967,"00 Australia",14
1967,"01 Cambodia",0
1967,"07 China",189
1967,"11 Fiji",70
1967,"06 India",123
1967,"01 Iraq",0
1967,"05 Philippines",0
1967,"09 Samoa",117
1967,"10 South Africa",30
1967,"04 South Korea",2
1967,"02 Sri Lanka",7
1967,"03 Taiwan",1
1967,"16 Netherlands",372
1967,"00 Tonga",18
1967,"08 UK",272
1967,"00 USA",13
1967,NA,630
1968,"00 Australia",19
1968,"01 Cambodia",1
1968,"07 China",130
1968,"11 Fiji",56
1968,"06 India",132
1968,"01 Iraq",0
1968,"05 Philippines",3
1968,"09 Samoa",87
1968,"10 South Africa",38
1968,"04 South Korea",0
1968,"02 Sri Lanka",0
1968,"03 Taiwan",5
1968,"16 Netherlands",506
1968,"00 Tonga",22
1968,"08 UK",262
1968,"00 USA",5
1968,NA,590
1969,"00 Australia",29
1969,"01 Cambodia",0
1969,"07 China",160
1969,"11 Fiji",78
1969,"06 India",149
1969,"01 Iraq",0
1969,"05 Philippines",1
1969,"09 Samoa",156
1969,"10 South Africa",30
1969,"04 South Korea",0
1969,"02 Sri Lanka",1
1969,"03 Taiwan",0
1969,"16 Netherlands",499
1969,"00 Tonga",17
1969,"08 UK",369
1969,"00 USA",24
1969,NA,713
1970,"00 Australia",16
1970,"01 Cambodia",0
1970,"07 China",105
1970,"11 Fiji",49
1970,"06 India",107
1970,"01 Iraq",0
1970,"05 Philippines",0
1970,"09 Samoa",97
1970,"10 South Africa",48
1970,"04 South Korea",0
1970,"02 Sri Lanka",2
1970,"03 Taiwan",0
1970,"16 Netherlands",273
1970,"00 Tonga",8
1970,"08 UK",427
1970,"00 USA",16
1970,NA,431
1971,"00 Australia",19
1971,"01 Cambodia",1
1971,"07 China",113
1971,"11 Fiji",113
1971,"06 India",91
1971,"01 Iraq",0
1971,"05 Philippines",1
1971,"09 Samoa",86
1971,"10 South Africa",36
1971,"04 South Korea",0
1971,"02 Sri Lanka",0
1971,"03 Taiwan",1
1971,"16 Netherlands",300
1971,"00 Tonga",20
1971,"08 UK",257
1971,"00 USA",21
1971,NA,473
1972,"00 Australia",41
1972,"01 Cambodia",0
1972,"07 China",217
1972,"11 Fiji",108
1972,"06 India",151
1972,"01 Iraq",2
1972,"05 Philippines",3
1972,"09 Samoa",184
1972,"10 South Africa",65
1972,"04 South Korea",1
1972,"02 Sri Lanka",4
1972,"03 Taiwan",5
1972,"16 Netherlands",403
1972,"00 Tonga",47
1972,"08 UK",458
1972,"00 USA",30
1972,NA,772
1973,"00 Australia",44
1973,"01 Cambodia",0
1973,"07 China",184
1973,"11 Fiji",116
1973,"06 India",152
1973,"01 Iraq",0
1973,"05 Philippines",3
1973,"09 Samoa",154
1973,"10 South Africa",91
1973,"04 South Korea",2
1973,"02 Sri Lanka",9
1973,"03 Taiwan",9
1973,"16 Netherlands",276
1973,"00 Tonga",25
1973,"08 UK",1081
1973,"00 USA",31
1973,NA,781
1974,"00 Australia",45
1974,"01 Cambodia",0
1974,"07 China",124
1974,"11 Fiji",115
1974,"06 India",124
1974,"01 Iraq",1
1974,"05 Philippines",6
1974,"09 Samoa",129
1974,"10 South Africa",69
1974,"04 South Korea",1
1974,"02 Sri Lanka",16
1974,"03 Taiwan",3
1974,"16 Netherlands",237
1974,"00 Tonga",31
1974,"08 UK",2185
1974,"00 USA",19
1974,NA,712
1975,"00 Australia",75
1975,"01 Cambodia",0
1975,"07 China",112
1975,"11 Fiji",100
1975,"06 India",132
1975,"01 Iraq",3
1975,"05 Philippines",6
1975,"09 Samoa",117
1975,"10 South Africa",56
1975,"04 South Korea",0
1975,"02 Sri Lanka",42
1975,"03 Taiwan",10
1975,"16 Netherlands",270
1975,"00 Tonga",28
1975,"08 UK",3380
1975,"00 USA",41
1975,NA,737
1976,"00 Australia",96
1976,"01 Cambodia",1
1976,"07 China",105
1976,"11 Fiji",127
1976,"06 India",133
1976,"01 Iraq",1
1976,"05 Philippines",7
1976,"09 Samoa",138
1976,"10 South Africa",75
1976,"04 South Korea",1
1976,"02 Sri Lanka",25
1976,"03 Taiwan",0
1976,"16 Netherlands",303
1976,"00 Tonga",57
1976,"08 UK",3600
1976,"00 USA",42
1976,NA,967
1977,"00 Australia",186
1977,"01 Cambodia",2
1977,"07 China",226
1977,"11 Fiji",257
1977,"06 India",171
1977,"01 Iraq",4
1977,"05 Philippines",9
1977,"09 Samoa",151
1977,"10 South Africa",172
1977,"04 South Korea",2
1977,"02 Sri Lanka",52
1977,"03 Taiwan",10
1977,"16 Netherlands",345
1977,"00 Tonga",55
1977,"08 UK",10076
1977,"00 USA",71
1977,NA,1514
1978,"00 Australia",194
1978,"01 Cambodia",23
1978,"07 China",294
1978,"11 Fiji",285
1978,"06 India",309
1978,"01 Iraq",5
1978,"05 Philippines",31
1978,"09 Samoa",551
1978,"10 South Africa",341
1978,"04 South Korea",7
1978,"02 Sri Lanka",130
1978,"03 Taiwan",10
1978,"16 Netherlands",408
1978,"00 Tonga",133
1978,"08 UK",7709
1978,"00 USA",125
1978,NA,2557
1979,"00 Australia",145
1979,"01 Cambodia",11
1979,"07 China",254
1979,"11 Fiji",178
1979,"06 India",226
1979,"01 Iraq",2
1979,"05 Philippines",23
1979,"09 Samoa",313
1979,"10 South Africa",190
1979,"04 South Korea",12
1979,"02 Sri Lanka",50
1979,"03 Taiwan",4
1979,"16 Netherlands",212
1979,"00 Tonga",123
1979,"08 UK",4184
1979,"00 USA",108
1979,NA,1702
1980,"00 Australia",114
1980,"01 Cambodia",5
1980,"07 China",202
1980,"11 Fiji",185
1980,"06 India",239
1980,"01 Iraq",4
1980,"05 Philippines",38
1980,"09 Samoa",259
1980,"10 South Africa",196
1980,"04 South Korea",2
1980,"02 Sri Lanka",60
1980,"03 Taiwan",11
1980,"16 Netherlands",187
1980,"00 Tonga",119
1980,"08 UK",4042
1980,"00 USA",88
1980,NA,1348
1981,"00 Australia",205
1981,"01 Cambodia",17
1981,"07 China",168
1981,"11 Fiji",222
1981,"06 India",189
1981,"01 Iraq",0
1981,"05 Philippines",39
1981,"09 Samoa",316
1981,"10 South Africa",160
1981,"04 South Korea",9
1981,"02 Sri Lanka",39
1981,"03 Taiwan",7
1981,"16 Netherlands",194
1981,"00 Tonga",97
1981,"08 UK",6179
1981,"00 USA",100
1981,NA,1875
1982,"00 Australia",242
1982,"01 Cambodia",49
1982,"07 China",279
1982,"11 Fiji",199
1982,"06 India",208
1982,"01 Iraq",1
1982,"05 Philippines",71
1982,"09 Samoa",814
1982,"10 South Africa",186
1982,"04 South Korea",5
1982,"02 Sri Lanka",54
1982,"03 Taiwan",7
1982,"16 Netherlands",191
1982,"00 Tonga",135
1982,"08 UK",8697
1982,"00 USA",82
1982,NA,1750
1983,"00 Australia",154
1983,"01 Cambodia",184
1983,"07 China",289
1983,"11 Fiji",163
1983,"06 India",178
1983,"01 Iraq",4
1983,"05 Philippines",56
1983,"09 Samoa",4155
1983,"10 South Africa",108
1983,"04 South Korea",3
1983,"02 Sri Lanka",22
1983,"03 Taiwan",11
1983,"16 Netherlands",102
1983,"00 Tonga",88
1983,"08 UK",4574
1983,"00 USA",89
1983,NA,1802
1984,"00 Australia",151
1984,"01 Cambodia",246
1984,"07 China",298
1984,"11 Fiji",136
1984,"06 India",162
1984,"01 Iraq",2
1984,"05 Philippines",81
1984,"09 Samoa",3609
1984,"10 South Africa",133
1984,"04 South Korea",13
1984,"02 Sri Lanka",55
1984,"03 Taiwan",12
1984,"16 Netherlands",167
1984,"00 Tonga",118
1984,"08 UK",4713
1984,"00 USA",82
1984,NA,1659
1985,"00 Australia",119
1985,"01 Cambodia",379
1985,"07 China",286
1985,"11 Fiji",137
1985,"06 India",103
1985,"01 Iraq",7
1985,"05 Philippines",108
1985,"09 Samoa",1869
1985,"10 South Africa",120
1985,"04 South Korea",5
1985,"02 Sri Lanka",39
1985,"03 Taiwan",16
1985,"16 Netherlands",151
1985,"00 Tonga",87
1985,"08 UK",5047
1985,"00 USA",75
1985,NA,1677
1986,"00 Australia",115
1986,"01 Cambodia",326
1986,"07 China",346
1986,"11 Fiji",186
1986,"06 India",109
1986,"01 Iraq",2
1986,"05 Philippines",132
1986,"09 Samoa",2083
1986,"10 South Africa",166
1986,"04 South Korea",14
1986,"02 Sri Lanka",33
1986,"03 Taiwan",22
1986,"16 Netherlands",172
1986,"00 Tonga",124
1986,"08 UK",5648
1986,"00 USA",99
1986,NA,1627
1987,"00 Australia",123
1987,"01 Cambodia",401
1987,"07 China",414
1987,"11 Fiji",228
1987,"06 India",177
1987,"01 Iraq",2
1987,"05 Philippines",152
1987,"09 Samoa",2479
1987,"10 South Africa",198
1987,"04 South Korea",21
1987,"02 Sri Lanka",40
1987,"03 Taiwan",16
1987,"16 Netherlands",164
1987,"00 Tonga",121
1987,"08 UK",6150
1987,"00 USA",107
1987,NA,1669
1988,"00 Australia",104
1988,"01 Cambodia",287
1988,"07 China",379
1988,"11 Fiji",418
1988,"06 India",155
1988,"01 Iraq",1
1988,"05 Philippines",217
1988,"09 Samoa",2687
1988,"10 South Africa",200
1988,"04 South Korea",7
1988,"02 Sri Lanka",48
1988,"03 Taiwan",17
1988,"16 Netherlands",203
1988,"00 Tonga",154
1988,"08 UK",8887
1988,"00 USA",88
1988,NA,1854
1989,"00 Australia",102
1989,"01 Cambodia",439
1989,"07 China",561
1989,"11 Fiji",430
1989,"06 India",195
1989,"01 Iraq",59
1989,"05 Philippines",291
1989,"09 Samoa",2131
1989,"10 South Africa",225
1989,"04 South Korea",10
1989,"02 Sri Lanka",147
1989,"03 Taiwan",26
1989,"16 Netherlands",203
1989,"00 Tonga",165
1989,"08 UK",6740
1989,"00 USA",123
1989,NA,2060
1990,"00 Australia",131
1990,"01 Cambodia",350
1990,"07 China",554
1990,"11 Fiji",648
1990,"06 India",226
1990,"01 Iraq",26
1990,"05 Philippines",307
1990,"09 Samoa",2147
1990,"10 South Africa",351
1990,"04 South Korea",15
1990,"02 Sri Lanka",149
1990,"03 Taiwan",18
1990,"16 Netherlands",152
1990,"00 Tonga",174
1990,"08 UK",5532
1990,"00 USA",141
1990,NA,2146
1991,"00 Australia",129
1991,"01 Cambodia",298
1991,"07 China",649
1991,"11 Fiji",1015
1991,"06 India",221
1991,"01 Iraq",18
1991,"05 Philippines",304
1991,"09 Samoa",1871
1991,"10 South Africa",293
1991,"04 South Korea",13
1991,"02 Sri Lanka",159
1991,"03 Taiwan",41
1991,"16 Netherlands",103
1991,"00 Tonga",215
1991,"08 UK",4424
1991,"00 USA",207
1991,NA,1803
1992,"00 Australia",85
1992,"01 Cambodia",282
1992,"07 China",1184
1992,"11 Fiji",1371
1992,"06 India",376
1992,"01 Iraq",18
1992,"05 Philippines",327
1992,"09 Samoa",1751
1992,"10 South Africa",234
1992,"04 South Korea",20
1992,"02 Sri Lanka",132
1992,"03 Taiwan",560
1992,"16 Netherlands",63
1992,"00 Tonga",244
1992,"08 UK",3410
1992,"00 USA",161
1992,NA,1572
1993,"00 Australia",125
1993,"01 Cambodia",555
1993,"07 China",3135
1993,"11 Fiji",1786
1993,"06 India",533
1993,"01 Iraq",117
1993,"05 Philippines",681
1993,"09 Samoa",1903
1993,"10 South Africa",280
1993,"04 South Korea",44
1993,"02 Sri Lanka",294
1993,"03 Taiwan",1788
1993,"16 Netherlands",80
1993,"00 Tonga",330
1993,"08 UK",3982
1993,"00 USA",259
1993,NA,2582
1994,"00 Australia",88
1994,"01 Cambodia",459
1994,"07 China",3572
1994,"11 Fiji",1612
1994,"06 India",638
1994,"01 Iraq",166
1994,"05 Philippines",635
1994,"09 Samoa",879
1994,"10 South Africa",334
1994,"04 South Korea",97
1994,"02 Sri Lanka",284
1994,"03 Taiwan",1250
1994,"16 Netherlands",91
1994,"00 Tonga",273
1994,"08 UK",2941
1994,"00 USA",268
1994,NA,2935
1995,"00 Australia",83
1995,"01 Cambodia",258
1995,"07 China",2955
1995,"11 Fiji",922
1995,"06 India",470
1995,"01 Iraq",101
1995,"05 Philippines",319
1995,"09 Samoa",1212
1995,"10 South Africa",203
1995,"04 South Korea",190
1995,"02 Sri Lanka",178
1995,"03 Taiwan",682
1995,"16 Netherlands",71
1995,"00 Tonga",198
1995,"08 UK",2875
1995,"00 USA",291
1995,NA,2156
1996,"00 Australia",97
1996,"01 Cambodia",162
1996,"07 China",2460
1996,"11 Fiji",922
1996,"06 India",497
1996,"01 Iraq",71
1996,"05 Philippines",409
1996,"09 Samoa",1432
1996,"10 South Africa",363
1996,"04 South Korea",665
1996,"02 Sri Lanka",208
1996,"03 Taiwan",1093
1996,"16 Netherlands",109
1996,"00 Tonga",252
1996,"08 UK",3046
1996,"00 USA",342
1996,NA,2480
1997,"00 Australia",100
1997,"01 Cambodia",109
1997,"07 China",2625
1997,"11 Fiji",809
1997,"06 India",520
1997,"01 Iraq",261
1997,"05 Philippines",327
1997,"09 Samoa",1502
1997,"10 South Africa",938
1997,"04 South Korea",1239
1997,"02 Sri Lanka",214
1997,"03 Taiwan",1008
1997,"16 Netherlands",78
1997,"00 Tonga",198
1997,"08 UK",2745
1997,"00 USA",282
1997,NA,2818
1998,"00 Australia",69
1998,"01 Cambodia",98
1998,"07 China",3684
1998,"11 Fiji",740
1998,"06 India",897
1998,"01 Iraq",476
1998,"05 Philippines",404
1998,"09 Samoa",1673
1998,"10 South Africa",1182
1998,"04 South Korea",1079
1998,"02 Sri Lanka",365
1998,"03 Taiwan",1365
1998,"16 Netherlands",126
1998,"00 Tonga",298
1998,"08 UK",3035
1998,"00 USA",285
1998,NA,4443
1999,"00 Australia",92
1999,"01 Cambodia",246
1999,"07 China",6335
1999,"11 Fiji",1103
1999,"06 India",1784
1999,"01 Iraq",1712
1999,"05 Philippines",1007
1999,"09 Samoa",1659
1999,"10 South Africa",1652
1999,"04 South Korea",2317
1999,"02 Sri Lanka",834
1999,"03 Taiwan",3207
1999,"16 Netherlands",111
1999,"00 Tonga",377
1999,"08 UK",4217
1999,"00 USA",425
1999,NA,7455
2000,"00 Australia",81
2000,"01 Cambodia",206
2000,"07 China",5056
2000,"11 Fiji",1253
2000,"06 India",1854
2000,"01 Iraq",1054
2000,"05 Philippines",952
2000,"09 Samoa",1708
2000,"10 South Africa",2011
2000,"04 South Korea",1986
2000,"02 Sri Lanka",777
2000,"03 Taiwan",1970
2000,"16 Netherlands",123
2000,"00 Tonga",367
2000,"08 UK",3675
2000,"00 USA",366
2000,NA,6243
2001,"00 Australia",70
2001,"01 Cambodia",201
2001,"07 China",3353
2001,"11 Fiji",1278
2001,"06 India",1380
2001,"01 Iraq",534
2001,"05 Philippines",841
2001,"09 Samoa",1600
2001,"10 South Africa",2040
2001,"04 South Korea",1063
2001,"02 Sri Lanka",748
2001,"03 Taiwan",1624
2001,"16 Netherlands",96
2001,"00 Tonga",409
2001,"08 UK",3040
2001,"00 USA",288
2001,NA,5137
2002,"00 Australia",93
2002,"01 Cambodia",271
2002,"07 China",2463
2002,"11 Fiji",1150
2002,"06 India",1358
2002,"01 Iraq",434
2002,"05 Philippines",658
2002,"09 Samoa",1321
2002,"10 South Africa",1977
2002,"04 South Korea",695
2002,"02 Sri Lanka",573
2002,"03 Taiwan",1070
2002,"16 Netherlands",74
2002,"00 Tonga",271
2002,"08 UK",2200
2002,"00 USA",340
2002,NA,4674
2003,"00 Australia",113
2003,"01 Cambodia",322
2003,"07 China",2311
2003,"11 Fiji",1055
2003,"06 India",1262
2003,"01 Iraq",511
2003,"05 Philippines",557
2003,"09 Samoa",1196
2003,"10 South Africa",1997
2003,"04 South Korea",646
2003,"02 Sri Lanka",475
2003,"03 Taiwan",546
2003,"16 Netherlands",88
2003,"00 Tonga",208
2003,"08 UK",2298
2003,"00 USA",354
2003,NA,4514
2004,"00 Australia",120
2004,"01 Cambodia",480
2004,"07 China",3128
2004,"11 Fiji",1459
2004,"06 India",2138
2004,"01 Iraq",523
2004,"05 Philippines",706
2004,"09 Samoa",1070
2004,"10 South Africa",2411
2004,"04 South Korea",1099
2004,"02 Sri Lanka",514
2004,"03 Taiwan",355
2004,"16 Netherlands",116
2004,"00 Tonga",199
2004,"08 UK",2391
2004,"00 USA",336
2004,NA,5209
2005,"00 Australia",105
2005,"01 Cambodia",431
2005,"07 China",3574
2005,"11 Fiji",1554
2005,"06 India",2931
2005,"01 Iraq",479
2005,"05 Philippines",846
2005,"09 Samoa",1161
2005,"10 South Africa",2446
2005,"04 South Korea",1531
2005,"02 Sri Lanka",441
2005,"03 Taiwan",419
2005,"16 Netherlands",105
2005,"00 Tonga",170
2005,"08 UK",2452
2005,"00 USA",270
2005,NA,5581
2006,"00 Australia",147
2006,"01 Cambodia",389
2006,"07 China",4096
2006,"11 Fiji",1697
2006,"06 India",4362
2006,"01 Iraq",747
2006,"05 Philippines",1139
2006,"09 Samoa",1378
2006,"10 South Africa",2812
2006,"04 South Korea",1648
2006,"02 Sri Lanka",436
2006,"03 Taiwan",432
2006,"16 Netherlands",142
2006,"00 Tonga",193
2006,"08 UK",2938
2006,"00 USA",352
2006,NA,6442
2007,"00 Australia",149
2007,"01 Cambodia",301
2007,"07 China",3267
2007,"11 Fiji",1731
2007,"06 India",5218
2007,"01 Iraq",503
2007,"05 Philippines",1171
2007,"09 Samoa",1447
2007,"10 South Africa",3124
2007,"04 South Korea",1456
2007,"02 Sri Lanka",482
2007,"03 Taiwan",367
2007,"16 Netherlands",146
2007,"00 Tonga",260
2007,"08 UK",3613
2007,"00 USA",396
2007,NA,6323
2008,"00 Australia",142
2008,"01 Cambodia",258
2008,"07 China",2054
2008,"11 Fiji",1939
2008,"06 India",3431
2008,"01 Iraq",237
2008,"05 Philippines",718
2008,"09 Samoa",1434
2008,"10 South Africa",2413
2008,"04 South Korea",887
2008,"02 Sri Lanka",393
2008,"03 Taiwan",331
2008,"16 Netherlands",143
2008,"00 Tonga",279
2008,"08 UK",3499
2008,"00 USA",362
2008,NA,5104
2009,"00 Australia",121
2009,"01 Cambodia",184
2009,"07 China",1225
2009,"11 Fiji",1536
2009,"06 India",2246
2009,"01 Iraq",128
2009,"05 Philippines",697
2009,"09 Samoa",1551
2009,"10 South Africa",1808
2009,"04 South Korea",585
2009,"02 Sri Lanka",296
2009,"03 Taiwan",243
2009,"16 Netherlands",135
2009,"00 Tonga",315
2009,"08 UK",2972
2009,"00 USA",288
2009,NA,3672
2010,"00 Australia",127
2010,"01 Cambodia",77
2010,"07 China",745
2010,"11 Fiji",1307
2010,"06 India",1570
2010,"01 Iraq",83
2010,"05 Philippines",848
2010,"09 Samoa",1908
2010,"10 South Africa",1339
2010,"04 South Korea",457
2010,"02 Sri Lanka",235
2010,"03 Taiwan",203
2010,"16 Netherlands",126
2010,"00 Tonga",378
2010,"08 UK",2613
2010,"00 USA",285
2010,NA,2864
2011,"00 Australia",111
2011,"01 Cambodia",83
2011,"07 China",926
2011,"11 Fiji",1212
2011,"06 India",1649
2011,"01 Iraq",121
2011,"05 Philippines",663
2011,"09 Samoa",2034
2011,"10 South Africa",2105
2011,"04 South Korea",444
2011,"02 Sri Lanka",158
2011,"03 Taiwan",107
2011,"16 Netherlands",143
2011,"00 Tonga",337
2011,"08 UK",4447
2011,"00 USA",401
2011,NA,4328
2012,"00 Australia",178
2012,"01 Cambodia",107
2012,"07 China",1231
2012,"11 Fiji",2081
2012,"06 India",2274
2012,"01 Iraq",104
2012,"05 Philippines",2218
2012,"09 Samoa",2956
2012,"10 South Africa",2784
2012,"04 South Korea",559
2012,"02 Sri Lanka",201
2012,"03 Taiwan",117
2012,"16 Netherlands",220
2012,"00 Tonga",460
2012,"08 UK",5628
2012,"00 USA",511
2012,NA,5504
2013,"00 Australia",213
2013,"01 Cambodia",226
2013,"07 China",1258
2013,"11 Fiji",2093
2013,"06 India",2211
2013,"01 Iraq",264
2013,"05 Philippines",2785
2013,"09 Samoa",2934
2013,"10 South Africa",3268
2013,"04 South Korea",405
2013,"02 Sri Lanka",264
2013,"03 Taiwan",135
2013,"16 Netherlands",114
2013,"00 Tonga",522
2013,"08 UK",4857
2013,"00 USA",508
2013,NA,5696
2014,"00 Australia",285
2014,"01 Cambodia",255
2014,"07 China",1322
2014,"11 Fiji",2235
2014,"06 India",2214
2014,"01 Iraq",259
2014,"05 Philippines",2714
2014,"09 Samoa",2590
2014,"10 South Africa",3689
2014,"04 South Korea",374
2014,"02 Sri Lanka",330
2014,"03 Taiwan",139
2014,"16 Netherlands",116
2014,"00 Tonga",500
2014,"08 UK",4446
2014,"00 USA",517
2014,NA,5703
2015,"00 Australia",317
2015,"01 Cambodia",245
2015,"07 China",1004
2015,"11 Fiji",2365
2015,"06 India",2395
2015,"01 Iraq",151
2015,"05 Philippines",2988
2015,"09 Samoa",2722
2015,"10 South Africa",3532
2015,"04 South Korea",342
2015,"02 Sri Lanka",439
2015,"03 Taiwan",120
2015,"16 Netherlands",112
2015,"00 Tonga",506
2015,"08 UK",4028
2015,"00 USA",465
2015,NA,5628
2016,"00 Australia",505
2016,"01 Cambodia",332
2016,"07 China",1220
2016,"11 Fiji",2695
2016,"06 India",3339
2016,"01 Iraq",137
2016,"05 Philippines",3016
2016,"09 Samoa",3029
2016,"10 South Africa",3636
2016,"04 South Korea",432
2016,"02 Sri Lanka",519
2016,"03 Taiwan",145
2016,"16 Netherlands",220
2016,"00 Tonga",764
2016,"08 UK",4937
2016,"00 USA",579
2016,NA,6131
2017,"00 Australia",679
2017,"01 Cambodia",286
2017,"07 China",1314
2017,"11 Fiji",3242
2017,"06 India",4665
2017,"01 Iraq",294
2017,"05 Philippines",3565
2017,"09 Samoa",2954
2017,"10 South Africa",2894
2017,"04 South Korea",580
2017,"02 Sri Lanka",679
2017,"03 Taiwan",142
2017,"16 Netherlands",218
2017,"00 Tonga",684
2017,"08 UK",5984
2017,"00 USA",735
2017,NA,7162
2018,"00 Australia",767
2018,"01 Cambodia",258
2018,"07 China",1175
2018,"11 Fiji",2542
2018,"06 India",4845
2018,"01 Iraq",231
2018,"05 Philippines",3079
2018,"09 Samoa",3185
2018,"10 South Africa",2691
2018,"04 South Korea",601
2018,"02 Sri Lanka",637
2018,"03 Taiwan",163
2018,"16 Netherlands",204
2018,"00 Tonga",848
2018,"08 UK",5511
2018,"00 USA",756
2018,NA,7807
